,NAME_3,Area,Population,r_u,mean,min,max,sum
0,Boffa-Centre,656.5818520584144,32528.0,R,0.02058467536810458,-0.08241016417741776,1.2823467254638672,63.709570264283684
1,Colia,1732.6049473110481,42628.0,R,0.05006598761611737,-0.06515394896268845,0.37466487288475037,409.489712712224
2,Douprou,281.2651089020728,24193.0,R,0.013003890424177617,-0.08483340591192245,0.20666541159152985,17.29517426415623
3,Koba-Tatema,567.1193159618699,60582.0,R,0.010882119347218522,-0.09647213667631149,0.5094333291053772,29.098787134462327
4,Lisso,858.1702728919817,14018.0,R,0.03898480199071502,-0.08881081640720367,1.2954716682434082,158.551189696238
5,Mankountan,318.18369514310245,20092.0,R,0.014952546821880141,-0.06556329876184464,0.4961535632610321,22.47367787328585
6,Tamita,323.822127635158,16343.0,R,0.022135077364060528,-0.07353543490171432,0.1736825704574585,33.86666836701261
7,Tougnifili,511.8757496960997,40465.0,R,0.017864809808865713,-0.0891600176692009,0.6684617400169373,43.00059720993977
8,Bintimodiya,338.54311678853855,30340.0,R,0.05560101375890099,-0.033767033368349075,2.1960246562957764,88.96162201424158
9,Boké-Centre,235.1298606561276,73959.0,U,0.11685682944403177,-0.02296319603919983,2.709352731704712,129.36051019454317
10,Dabiss,2608.493154088463,36325.0,R,0.08509802423541463,-0.05253410339355469,18.625869750976562,1051.7264815254894
11,Kamsar,508.5625449277768,134537.0,U,0.24983482670598883,-0.0728774294257164,21.876203536987305,599.6035840943732
12,Kanfarandé,1498.6624816421402,35385.0,R,0.07382685989399439,-0.0685458704829216,13.393736839294434,522.3250337500103
13,Kolaboui,376.97011010740323,69000.0,R,0.05139769435966727,-0.03377434238791466,1.5738999843597412,91.74488443200607
14,Malapouyah,584.822847592751,11488.0,R,0.04333430005881106,-0.04219657555222511,0.720467209815979,119.68933676243614
15,Sangarédi,1273.5248185743592,93145.0,R,0.12712320476361794,-0.05492646247148514,9.15852165222168,767.6970335674887
16,Sansalé,1476.9006879890553,14224.0,R,0.05920955663367365,-0.061307795345783234,22.505210876464844,413.6971721994778
17,Tanéné,2011.2691234183087,39927.0,R,0.0907515561288092,-0.06200961396098137,14.592503547668457,863.2288018972331
18,Baguinet,452.5752286421432,16597.0,R,0.07811813854395934,-0.06541478633880615,7.67412805557251,167.79776159242465
19,Banguigny,399.089521909136,9805.0,R,0.04925761153414786,-0.0650562196969986,0.988199770450592,93.09688579953945
20,Fria-Centre,450.3218980074017,72868.0,U,0.19470442479117528,-0.08010955899953842,12.566497802734375,416.86217347790625
21,Tormélin,288.8148258870223,14972.0,R,0.045060915827883345,-0.07652169466018677,0.604479968547821,60.8772972834704
22,Foulamory,1489.9439906165633,11661.0,R,0.03461882169520597,-0.07043836265802383,2.131216526031494,245.8628716793528
23,Gaoual-Centre,138.35370681139338,24355.0,R,0.024902097123104858,-0.04777213931083679,0.6160677671432495,16.31087361563368
24,Kakony,1595.3629032846814,38991.0,R,0.057621774174534394,-0.07977388054132462,11.123822212219238,437.06115711384336
25,Koumbia,3625.798968489665,55313.0,R,0.04520946554063356,-0.10190794616937637,4.871650695800781,778.2809492820068
26,Kounsitel,1879.5248994117874,21967.0,R,0.05660590133680684,-0.07204760611057281,12.308602333068848,506.8492405697684
27,Malanta,409.2184287046674,16481.0,R,0.07378598050367478,-0.06721074134111404,2.7107625007629395,143.29237413813644
28,Touba,562.3960532226424,31044.0,R,0.04229932895195932,-0.051117733120918274,2.8344216346740723,112.8123103148755
29,Wendou M'Bour,1500.8161542231576,29910.0,R,0.08031776430660767,-0.045350681990385056,4.112115383148193,571.7018463344334
30,Guingan,1231.853485680384,17095.0,R,0.09837021451003447,-0.07092352211475372,10.604183197021484,576.9413081013522
31,Kamaby,1059.110625313186,19318.0,R,0.023991525286860847,-0.09243656694889069,3.2003302574157715,121.0852281227867
32,Koundara-Centre,80.15294516197427,32780.0,U,0.11814777470557335,0.0010541386436671019,1.9553539752960205,45.250597712234594
33,Sambailo,925.0282403067145,18707.0,R,0.06723153980845696,-0.0392426997423172,1.9945188760757446,296.28939593586983
34,Saréboido,539.6326349007524,40146.0,R,0.054193359515231444,-0.0509781613945961,0.7525208592414856,139.00596715656866
35,Termessé,614.5760590220382,18404.0,R,0.08995178027121456,-0.06071697548031807,5.759712219238281,263.8285715354723
36,Youkounkoun,876.7178691843031,9436.0,R,0.06507612975471823,-0.08233679831027985,7.924469470977783,271.95314624496746
37,Dixinn,22.51888198099191,161423.0,U,6.467328297871131,1.6420947313308716,10.898317337036133,698.4714561700821
38,Kaloum,38.787225691320806,70875.0,U,3.494494142365061,-0.06007881462574005,14.411661148071289,649.9759104799014
39,Matam,9.879401404648137,167870.0,U,6.533292820287305,2.4968838691711426,10.604706764221191,280.9315912723541
40,Matoto,190.38820602072474,783493.0,U,1.2362278410691943,-0.13515670597553253,21.660383224487305,1112.6050569622748
41,Ratoma,160.70241045944525,799171.0,U,1.6240563526499796,-0.00810388196259737,10.819697380065918,1224.5384898980847
42,Arfamoussaya,570.4278556083138,19778.0,R,0.062134049314624566,-0.12535330653190613,9.065752029418945,168.75607793852032
43,Banko,765.275763605537,28588.0,R,0.01701887382037561,-0.1365753710269928,17.375890731811523,62.20398381347286
44,Bissikrima,617.8716056168306,34084.0,R,0.06015525529533729,-0.08119641244411469,10.23839282989502,176.85645056829162
45,Dabola-Centre,223.25801954414194,46437.0,U,0.16682666167344082,-0.06379194557666779,6.4900336265563965,177.33674135886758
46,Dogomet,595.5442765672839,33580.0,R,0.04936193410766156,-0.14837417006492615,5.088938236236572,140.18789286575884
47,Kankama,417.9602781605105,15800.0,R,0.04031777746547653,-0.10176865011453629,4.291007995605469,80.3936482661602
48,Kindoyé,740.8512895943792,7737.0,R,0.04419983867274677,-0.1644562929868698,16.500185012817383,155.18563358001393
49,Konindou,509.90963634913953,11873.0,R,0.06304649443081689,-0.15105415880680084,7.845858573913574,151.56377261168382
50,N'Déma,792.1252717085374,20172.0,R,0.06047723772069396,-0.1758565455675125,7.4492011070251465,228.241095157899
51,Banora,3180.9702833071847,40523.0,R,0.0967789922212825,-0.15602263808250427,46.84490966796875,1471.040681763494
52,Dialakoro,273.3110922802199,17800.0,R,0.05940385757262109,-0.07301800698041916,10.12108039855957,77.28441870198003
53,Diatiféré,1446.1932633734768,40491.0,R,0.12822575614858003,-0.15203039348125458,72.51268005371094,886.8093295235794
54,Dinguiraye-Centre,1918.2749277197863,56462.0,R,0.05273474073353216,-0.24308736622333527,9.746092796325684,482.100999785951
55,Gagnakaly,2628.893020095525,14999.0,R,0.15800656168838312,-0.227466881275177,50.16510009765625,1981.5602901340126
56,Kalinko,904.7829778253258,37723.0,R,0.0986654615868575,-0.0803026482462883,8.280890464782715,425.9387976704638
57,Lansanya,472.9437333832484,10727.0,R,0.08366862633805867,-0.11017906665802002,13.001932144165039,188.84008964499844
58,Sélouma,650.0587648597897,15553.0,R,0.049153411609818606,-0.08072715252637863,3.657972574234009,152.27726916721804
59,Banian,1955.0347740017826,44445.0,R,0.07309082734090162,-0.16176839172840118,0.26719239354133606,677.625060277499
60,Beindou,1841.8514794381576,20149.0,R,-0.01858621361940794,-0.185696080327034,7.947503089904785,-162.87098994687176
61,Faranah-Centre,396.3044082518949,100237.0,U,-0.007908430628797074,-0.1790076047182083,1.1599112749099731,-14.859941151509702
62,Gnaléah,1039.866778278571,17793.0,R,-0.004099045093784137,-0.203459233045578,0.1547936499118805,-20.171400906511735
63,Hérémakonon,1143.1262543520068,16289.0,R,0.007457821457638624,-0.20599041879177094,0.5307602882385254,40.4139344789437
64,Kobikoro,629.309622671309,16796.0,R,0.07999959152433217,-0.16171738505363464,0.44240519404411316,238.87878029165586
65,Marela,663.1857858785125,39612.0,R,0.03527983263768002,-0.17269204556941986,2.0915987491607666,111.34315180451813
66,Passayah,2917.1667144401677,24172.0,R,-0.01470960486440257,-0.19716358184814453,4.947971820831299,-204.15460591304327
67,Sandéniah,999.9225033521509,20413.0,R,0.0034124790243508026,-0.1755821257829666,3.943215847015381,16.212687844690663
68,Songoyah,680.9392899128076,16349.0,R,0.026988478651690156,-0.26108434796333313,0.22281092405319214,87.06483213035244
69,Tiro,598.1722902927092,22997.0,R,0.038223800949013384,-0.20021028816699982,0.23713988065719604,108.89960890373914
70,Albadariah,700.7416293432045,20219.0,R,0.030198405190004607,-0.0930662527680397,0.21455378830432892,100.34930044638531
71,Banama,342.5723698184019,10497.0,R,0.10429784152502242,-0.020878154784440994,0.48764973878860474,169.69258816121146
72,Bardou,376.6964668891945,11415.0,R,0.11304603915413168,-0.03712397441267967,0.22973155975341797,201.10890365520027
73,Beindou,404.03782108561074,17338.0,R,0.10411938772421679,-0.09028510004281998,0.21938712894916534,198.76391116552986
74,Fermessadou-Pombo,416.5110305802972,23072.0,R,0.08676038160749204,-0.006778778973966837,0.1791270673274994,171.35175367479678
75,Firawa,361.31375401653366,13495.0,R,0.0841525162229757,-0.13854162395000458,0.19383563101291656,144.32156532240333
76,Gbangbadou,276.1791471205495,16437.0,R,0.08497592774321273,-0.01939607784152031,1.2770875692367554,111.14851348812226
77,Kissidougou-Centre,201.44963993020983,122920.0,U,0.10258270635963229,-0.009797502309083939,1.0217251777648926,98.58198081160663
78,Kondiadou,485.4947951487647,17725.0,R,0.11609120766930525,0.008435279130935669,8.295011520385742,266.42932160105556
79,Manfran,867.328934122136,16830.0,R,0.03293668969913256,-0.2159930169582367,1.9508614540100098,135.56741480162964
80,Sangardo,1144.230473806366,26430.0,R,0.06588917302070488,-0.045330192893743515,0.21888938546180725,358.0417661945103
81,Yendé-Millimou,247.25839751579787,23131.0,R,0.15260779068629168,0.02481701411306858,10.441400527954102,179.16154626570642
82,Yombiro,369.8280433667651,17097.0,R,0.09902275332938625,-0.01930193230509758,0.38369327783584595,173.4878638330847
83,Balandougou,908.3908881876378,31644.0,R,0.04692569354163224,-0.1249663382768631,10.129950523376465,202.81284748693452
84,Baté-Nafadji,1302.9750087062891,58287.0,R,0.053880511130335804,-0.13060536980628967,9.858860969543457,334.382452074864
85,Boula,3463.340115813993,18726.0,R,-0.014502214042312314,-0.18841621279716492,1.991914987564087,-238.8369630628415
86,Gbérédou-Baranama,851.5912004139684,21257.0,R,0.08471944874146274,-0.11749472469091415,17.128347396850586,343.6220840953729
87,Kanfamoriyah,883.9438829358868,39165.0,U,0.12649615083174998,-0.11402736604213715,13.002579689025879,531.4103296441816
88,Kankan-Centre,122.50891477216278,226675.0,R,0.07296473452949231,-0.10273169726133347,1.7340668439865112,42.684369699753006
89,Koumban,840.3972926968165,25398.0,R,0.06214528035829716,-0.14679966866970062,17.285076141357422,248.08395919032228
90,Mamouroudou,1542.004130815792,17817.0,R,0.013274687995174473,-0.21729923784732819,7.453954696655273,97.13089206069162
91,Missamana,1164.1689242732784,21708.0,R,-0.010944367608648236,-0.18403667211532593,2.912754535675049,-60.68651838995447
92,Moribayah,1721.8466729291617,17501.0,R,-0.008889809548520596,-0.2526170611381531,3.4946017265319824,-72.85198925012628
93,Sabadou-Baranama,1234.4794395242307,28021.0,R,-0.006641814969285537,-0.13873881101608276,4.426087856292725,-38.828050310443246
94,Tinti-Oulen,2143.4092942354846,25737.0,R,0.00029263879513922813,-0.2788017988204956,5.831964492797852,2.981989322468735
95,Tokounou,1118.8798053660373,39760.0,R,0.0796790307088987,-0.30204373598098755,86.01902770996094,422.61757887999875
96,Banankoro,356.4734611417159,78310.0,R,0.061692306873522056,-0.07209079712629318,0.7781012058258057,104.01322938875819
97,Damaro,389.75919101415275,33313.0,R,0.07004962495248897,-0.10507693141698837,3.236435890197754,128.9613595375322
98,Kérouané-Centre,1176.7680195128687,43243.0,R,0.20977525087765958,-0.21381668746471405,31.087474822998047,1170.3361246464628
99,Komodou,1879.7679634984852,25837.0,R,0.007731020690942173,-0.28111496567726135,6.652917861938477,68.97616660458607
100,Kounsankoro,937.1129864376162,8295.0,R,0.10789031038281158,-0.09115759283304214,7.442190647125244,480.11188120351153
101,Linko,1530.3951253330213,13926.0,R,0.03785731168468817,-0.13132426142692566,8.957730293273926,275.10908401262895
102,Sibiribaro,1421.5921156985803,19817.0,R,0.06380037279655654,-0.06898344308137894,1.4777861833572388,429.1213074296393
103,Soromaya,1684.1555778597346,23825.0,R,0.07033458897960085,-0.15665341913700104,2.986748218536377,563.2393885486435
104,Babila,127.40434104672406,19013.0,R,0.07432397729042815,-0.05459890887141228,4.07674503326416,44.96600626070904
105,Balato,242.304032224654,19391.0,R,0.10927795208316682,-0.12450555711984634,5.961898326873779,126.21603465605767
106,Banfélé,2086.353445532006,29734.0,R,-0.026208146662518642,-0.2987314760684967,1.709086537361145,-260.0634393321725
107,Baro,260.76743105322765,18702.0,R,0.13946645431810353,-0.12278278917074203,7.380996227264404,172.93840335444838
108,Cisséla,1156.9870858683591,50222.0,R,0.023792544004750525,-0.10197779536247253,10.971831321716309,131.0493323781659
109,Douako,2861.647301233013,27729.0,R,-0.006352148658267706,-0.341073215007782,0.9592933654785156,-86.33840456317466
110,Doura,719.0167588496096,21957.0,R,0.08946243103616754,-0.14244301617145538,11.209722518920898,306.1404390057653
111,Kiniéro,947.2226355125822,27260.0,R,0.11594862359056675,-0.17616328597068787,13.820419311523438,522.6963951462749
112,Komola-Khoura,3154.4185402313738,16809.0,R,0.06018876511431992,-0.10522746294736862,11.822532653808594,905.3594048496002
113,Koumana,441.83787421393345,15304.0,R,0.07344830187722019,-0.06379178166389465,5.730483531951904,154.90246865905738
114,Kouroussa-Centre,684.3890381737489,48636.0,R,0.05508692284924245,-0.19385093450546265,6.526078701019287,179.4731946428319
115,Sanguiana,3113.675257017578,28548.0,R,0.014332489736074521,-0.19341926276683807,11.698083877563477,212.75147764229018
116,Balandougouba,561.7583106335212,34408.0,R,0.037322440698243343,-0.10733043402433395,1.8533982038497925,99.98681863059392
117,Dialakoro,1364.7251931486712,77143.0,R,0.053149495016756775,-0.07362667471170425,13.4810152053833,346.0563620541034
118,Faralako,1260.7282708546838,30086.0,R,0.032918988483447174,-0.11702919006347656,3.2166311740875244,197.25057899281546
119,Kantoumanina,1010.7156389455638,14197.0,R,0.002308453693285883,-0.16553854942321777,2.0084409713745117,11.119821440558098
120,Kiniéran,413.14025135996616,44595.0,R,0.0701322089955918,-0.04553505778312683,2.557183027267456,138.30071613930704
121,Koundian,841.9261634858389,39285.0,R,0.10015912265997547,-0.071293406188488,13.969271659851074,402.1388774798015
122,Koundianakoro,381.99049606491883,38214.0,R,0.05062433993367367,-0.08611573278903961,0.9239047765731812,92.08567433935241
123,Mandiana-Centre,570.7390598440014,27839.0,R,0.02102665090980486,-0.13126952946186066,0.4744352102279663,57.04530391830059
124,Morodou,858.4707126717724,35022.0,R,0.08643920037762509,-0.1026211529970169,2.5298547744750977,354.66003914939574
125,Niantanina,856.1536175498047,16741.0,R,0.06368537899513334,-0.14758573472499847,6.311215877532959,260.4095147111002
126,Saladou,2878.3705068617514,21971.0,R,-0.01806736657358957,-0.1921933889389038,6.46771240234375,-247.25191155957327
127,Sansando,570.4757890147287,27545.0,R,0.06514361574886632,-0.07634265720844269,8.26997184753418,177.25577845266525
128,Bankon,330.4279370268058,21549.0,R,0.04147145802696306,-0.061661168932914734,1.781566858291626,65.44196076654771
129,Doko,1596.8136637539696,106760.0,R,0.05317820592050869,-0.05914007127285004,6.765631675720215,406.0687804090044
130,Franwalia,844.0435878097705,36106.0,R,0.13932589548696517,-0.02336961030960083,9.84009075164795,561.9013364989305
131,Kiniébakoura,490.18990467398066,34157.0,R,0.03145687591454306,-0.06814387440681458,2.6970529556274414,73.79783089551802
132,Kintinian,1728.1833237954909,158990.0,R,0.22332824649012784,-0.06695637851953506,42.32436752319336,1843.7980030224953
133,Maléah,1530.7227592512393,32861.0,R,0.16593881169282046,-0.06771976500749588,25.560909271240234,1210.3576924874324
134,Naboun,1672.4438962953175,29868.0,R,0.14852990723878132,-0.0724354237318039,18.493122100830078,1191.2098560550262
135,Niagassola,3055.6767761980277,37297.0,R,0.14411986998646356,-0.11014557629823685,95.39994049072266,2109.050177381908
136,Niandankoro,747.8191859573313,28676.0,R,0.04246200210742703,-0.06985978037118912,3.638585090637207,151.07980349822537
137,Norassoba,2669.9562143783714,63999.0,R,0.08181833444897006,-0.07030116021633148,28.34424591064453,1043.3474008932662
138,Siguiri-Centre,920.8689725276136,230619.0,U,0.06402602362234008,-0.07770691066980362,3.018568515777588,281.7145039382964
139,Siguirini,2072.9848519328266,67242.0,R,0.18506673263752718,-0.09996013343334198,33.74231719970703,1833.4561202399818
140,Coyah-Centre,148.0965269218819,223048.0,U,0.18035691836625933,-0.04562082886695862,2.1563515663146973,127.15162744821282
141,Kouriah,486.876065868514,12063.0,R,0.04400481829672719,-0.0812784880399704,1.372223138809204,101.34309653736273
142,Unknown,78.02999812863835,277271.0,U,0.6873307510029748,0.07034126669168472,4.620761394500732,251.5630548670888
143,Wonkifong,581.8638373140031,42793.0,R,0.07202610310061555,-0.1323515623807907,1.9352737665176392,198.1438096297934
144,Badi,290.7307884379085,12318.0,R,0.05657699838893174,-0.07723677903413773,2.2762842178344727,77.62364178961434
145,Dubréka-Centre,90.72911001788454,1003.0,R,0.01587529422371475,-0.07412810623645782,0.20942336320877075,6.826376516197342
146,Faléssadé,430.35343523623544,13355.0,R,0.02154350855084796,-0.10206353664398193,1.9984042644500732,43.86258340952645
147,Khorira,1054.0564545452971,29769.0,R,0.033053841171249695,-0.09063511341810226,1.8795708417892456,164.3436983034535
148,Ouassou,407.6997432886058,18224.0,R,0.046494454244204335,-0.07960450649261475,0.7672920823097229,89.92027450829119
149,Tanéné,670.9000492369665,58076.0,R,0.04174649023535962,-0.09377330541610718,3.761582374572754,132.33637404609
150,Tondon,873.4173058825492,58806.0,R,0.0567867637940264,-0.037634436041116714,3.434211492538452,234.07504035897682
151,Alassoya,570.3263787280945,17471.0,R,0.03273210624221117,-0.24619048833847046,9.883578300476074,88.2130263227591
152,Benty,311.6695807079083,28111.0,R,-0.009139406204465633,-0.16325446963310242,1.757606863975525,-13.343533058519824
153,Farmoriah,704.8522925424064,38746.0,R,0.03542695959158679,-0.1615261286497116,8.568727493286133,117.83006760161766
154,Forécariah-Centre,10.053258424151402,24920.0,U,0.2919105558361554,-0.06944110244512558,1.0893187522888184,14.303617235971615
155,Kaback,123.78094515915357,23327.0,R,-0.01631188832094626,-0.15672259032726288,0.13384950160980225,-9.5913903327164
156,Kakossa,178.32772132814702,10934.0,R,0.039277472438724,-0.11616949737071991,0.15889297425746918,33.18946421072178
157,Kallia,551.6188045922362,22378.0,R,0.015137181547365881,-0.2390429973602295,1.4030905961990356,39.49290665707758
158,Maférinya,523.2157751212571,52752.0,R,0.023908752666608548,-0.32201695442199707,0.4755930006504059,58.98289282852329
159,Moussayah,639.1941987501857,45064.0,R,0.01080582881897818,-0.23474274575710297,5.217410087585449,32.6336030333141
160,Sikhourou,626.2461853694814,23631.0,R,0.021452282111792252,-0.20575472712516785,15.98527717590332,63.54165961512865
161,Bangouyah,1135.9013382589228,61266.0,R,0.040693002642890386,-0.06410960853099823,0.49493181705474854,218.64350320025005
162,Damankanyah,181.7290691050423,31409.0,R,0.10889969888602435,-0.04549937695264816,1.304460048675537,93.10924254755082
163,Friguiagbé,420.6892914141315,40802.0,R,0.07268176897956925,-0.13011233508586884,1.7356468439102173,144.4186749624041
164,Kindia-Centre,912.4286368331057,204345.0,U,0.06325490062514162,-0.13990703225135803,6.730457305908203,273.83046480623807
165,Kolenté,871.7925314585311,37359.0,R,0.02848379099820703,-0.09462682157754898,11.716463088989258,117.29625133061654
166,Madina-Oula,1380.2044456148521,27972.0,R,0.005127363633011108,-0.14060747623443604,2.5661072731018066,33.481684523562535
167,Mambia,808.7496680601006,31406.0,R,0.04703000963214622,-0.16219352185726166,2.139350414276123,179.70166680443072
168,Molota,468.7519706898351,14269.0,R,0.018365168916476587,-0.14549660682678223,0.7691797018051147,40.67884914999564
169,Samayah,855.6777155840683,25627.0,R,0.03579435869348762,-0.11337856948375702,0.6010849475860596,145.21771321947926
170,Souguéta,1799.3677823879398,50423.0,R,0.03291681617414764,-0.1472533941268921,1.2298717498779297,281.17544375956913
171,Bourouwal,265.1025850532879,29777.0,R,0.07862099477835241,-0.02984389290213585,3.41284441947937,98.74796944161062
172,Daramagnaky,824.780620726829,38911.0,R,0.06915763772623468,-0.06176076829433441,6.9730682373046875,270.75215169820876
173,Gougoudjé,177.4230489821378,12630.0,R,0.07600549102115936,-0.019889703020453453,0.5612494945526123,63.996623439816176
174,Koba,756.9494414251226,8786.0,R,0.07098336863879666,-0.06428703665733337,2.6818950176239014,254.61734330736363
175,Kollet,490.7473954918611,25700.0,R,0.08428261294559156,-0.06781742721796036,11.65290355682373,195.95707509850035
176,Konsotami,876.1390839213606,15701.0,R,0.07160206823361379,-0.07349300384521484,4.702054977416992,296.2893583506939
177,Missira,1216.7791298849947,52421.0,R,0.0758064434979002,-0.060236815363168716,5.485331058502197,437.93382408736943
178,Santou,409.0531624491102,16270.0,R,0.059295030228095576,-0.030145304277539253,0.15295597910881042,115.15094870296161
179,Sarékaly,121.94695594587193,17482.0,R,0.04782217436997974,-0.04299230873584747,0.1388195902109146,27.736861134588253
180,Sinta,379.97981607575946,24243.0,R,0.06048532215852467,-0.050859540700912476,1.178676962852478,109.3574624626126
181,Sogolon,589.2886413508536,30857.0,R,0.0951679162846219,-0.08652035892009735,3.6721956729888916,265.70882226666436
182,Tarihoye,529.0880456078046,19139.0,R,0.07065964185019336,-0.021217936649918556,1.7452856302261353,178.27427638803783
183,Télimélé-Centre,302.635482746538,29196.0,R,0.07099328949712494,-0.028311248868703842,2.217442274093628,101.52040398088866
184,Thionthian,637.2444965185529,15937.0,R,0.09292139236347706,-0.048981502652168274,4.023252487182617,280.06507658351984
185,Fafaya,663.1331413200526,23609.0,R,0.004597406949588857,-0.06840065866708755,1.493731141090393,14.527805960700789
186,Gadha-Woundou,1177.9914762563471,8292.0,R,0.050127254079891735,-0.1250840574502945,10.77067756652832,281.91567694531113
187,Koubia-Centre,373.2074125313155,25757.0,U,0.01614483430880695,-0.06409910321235657,1.1889199018478394,28.818529241220403
188,Matakaou,402.4248860538341,19568.0,R,0.0322756476134586,-0.09408142417669296,3.13733172416687,61.93696777022706
189,Missira,352.73086429922404,13049.0,R,0.05618218906879674,-0.056475523859262466,6.264707565307617,94.55462420278491
190,Pilimini,580.5270788683216,27238.0,R,0.0379612321860353,-0.08044719696044922,2.7008285522460938,104.92484576220158
191,Dalein,320.5228432882028,20558.0,R,0.1200719847449625,-0.004666788969188929,12.987195014953613,183.71013665979262
192,Diari,195.12823033774063,14010.0,R,0.05886060130438314,-0.05058102682232857,2.3346846103668213,54.210613801336876
193,Dionfo,92.49687135650031,14822.0,R,0.03345295649667752,-0.05161667987704277,0.4623652696609497,14.55203607605472
194,Hafia,190.31484378223806,17334.0,R,0.07636624301033794,-0.04831743612885475,3.8592867851257324,69.11144992435584
195,Kaalan,116.08128144456985,10855.0,R,0.06997569411664599,-0.0007419770699925721,0.3434503674507141,38.346680375922006
196,Noussy,211.4806583526297,16040.0,R,0.13541707762336921,-0.05998729541897774,4.856494903564453,136.3649971667328
197,Popodara,187.76352749832276,32623.0,R,0.08599590653158183,-0.021466059610247612,1.4870150089263916,76.96633634576574
198,Sannou,228.01526802249884,24649.0,R,0.04374870827632549,-0.022650597617030144,0.2953878343105316,47.59859460464213
199,Unknown,569.7304648060556,227987.0,R,0.15271826687376167,-0.07107903808355331,11.471850395202637,414.7828128291367
200,Balaya,252.90493739504294,11068.0,R,0.05449513819409277,-0.023160936310887337,0.23879240453243256,65.72113666207588
201,Diountou,148.5065816791219,20977.0,R,0.12421205818187446,-0.023154450580477715,11.23800277709961,86.94844072731212
202,Hérico,392.2409273497321,21197.0,R,0.051870271944488476,-0.053713150322437286,1.4175642728805542,96.89366799230447
203,Korbé,142.20515693668636,8769.0,R,0.08591592883825654,-0.009421302936971188,5.014823913574219,59.02424311188224
204,Lafou,205.50458286723443,23544.0,R,0.17071408586207418,-0.005062831565737724,27.481855392456055,167.64123231655685
205,Lélouma-Centre,69.92007604650269,18041.0,U,0.08579675321598634,-0.016616499051451683,0.5790521502494812,27.969741548411548
206,Linsan-Saran,513.1750796872135,12177.0,R,0.05778017988546557,-0.05135858431458473,1.3075165748596191,140.6369578412232
207,Manda,66.2541450292614,9351.0,R,0.038525568059229146,-0.05190182477235794,0.2773508131504059,12.212605074775638
208,Parawol,273.72613683096597,16183.0,R,0.06658690482536189,-0.022388018667697906,0.7584064602851868,87.22884532122407
209,Sagalé,277.9100354450408,19159.0,R,0.05302938218470372,-0.025640498846769333,2.09303617477417,70.05181386599361
210,Tyanguel-Bori,387.6385725464574,31442.0,R,0.08790804076232296,-0.06666557490825653,13.560359001159668,162.01451912496123
211,Balaki,2769.7694329157675,13733.0,R,0.10030906131405969,-0.1019909456372261,28.00360679626465,1326.5873358784393
212,Donghol-Sigon,414.6442870093358,29624.0,R,0.06677000983540732,-0.06022658944129944,8.239747047424316,132.07107945443568
213,Dougountouny,294.85705521067035,43552.0,R,0.04880825655285314,-0.05007542669773102,1.6412898302078247,68.81964173952292
214,Fougou,212.67548888271423,27203.0,R,0.15091199601854738,-0.03280035778880119,9.965487480163574,153.4774999508627
215,Gayah,238.583730698676,12073.0,R,0.04669433585334446,-0.03524312004446983,0.30767595767974854,52.90468252183928
216,Hidayatou,384.2901315023075,14473.0,R,0.06148537313598919,-0.07133512198925018,3.630136013031006,112.82565970454016
217,Lébékéren,1171.8700209593153,14311.0,R,0.15193172303563882,-0.06992055475711823,10.677639961242676,848.9944683231497
218,Madina-Wora,687.4534115817806,36352.0,R,0.05351596501393705,-0.06342830508947372,2.1768124103546143,175.74642910576927
219,Mali-Centre,487.26566572054094,47526.0,R,0.06833914574109465,-0.036167945712804794,3.996885299682617,159.16187043100945
220,Salambandé,393.2182255311307,18293.0,R,0.011321828202735487,-0.11586443334817886,6.769753932952881,21.341646162156394
221,Téliré,194.36307908690833,21621.0,R,0.045819635039420076,-0.08037886768579483,7.127257347106934,42.24570350634531
222,Touba,781.1010667227316,22729.0,R,0.11920562648960299,-0.057665176689624786,28.33350372314453,443.9217530472815
223,Yimbéring,430.2418348048474,41365.0,R,0.07523918541071596,-0.04717555642127991,2.25754451751709,154.165090906557
224,Fatako,203.18626678025225,11633.0,R,0.09015416884144987,-0.04353030398488045,3.40559983253479,86.72831042547477
225,Fello-Koundoua,1103.3624871304285,9416.0,R,0.14159109635251724,-0.1655140221118927,39.82255935668945,745.7603044887082
226,Kansangui,456.7696051540675,10041.0,R,0.157276742918291,-0.052492864429950714,18.69324493408203,342.5487460760378
227,Koïn,213.8053656745285,16004.0,R,0.062330810087644406,-0.060225117951631546,3.25903582572937,63.70208790957258
228,Kolangui,394.0857550144118,8558.0,R,0.07046334981990177,-0.03901781514286995,3.474994421005249,131.90739086285612
229,Kollet,1416.3613247579067,20552.0,R,0.15440595231306212,-0.1848568469285965,14.010504722595215,1040.5417126377256
230,Konah,336.16103596920357,15985.0,R,0.01719691481595083,-0.08051220327615738,4.450824737548828,27.37748838699372
231,Kouratongo,883.7034626681959,13195.0,R,0.0773856471993241,-0.11827372014522552,11.649324417114258,327.7282158891376
232,Tangali,300.07444360950154,8764.0,R,0.17969978253087285,-0.04378524422645569,13.144299507141113,258.40828727939515
233,Tougué-Centre,703.1865638702689,31487.0,R,0.09971066814680994,-0.11945876479148865,13.984723091125488,335.0278449732814
234,Bodié,358.68109878253676,10519.0,R,0.06494218481002184,-0.0379955992102623,2.19490909576416,110.01206106817699
235,Dalaba-Centre,208.278464638646,28656.0,R,0.06456757873971852,-0.09225165098905563,1.866546630859375,63.98647053106106
236,Ditinn,288.66534592622963,14974.0,R,0.05743892134025346,-0.05106294900178909,2.0589709281921387,78.69132223614724
237,Kaala,100.47908159584131,8367.0,R,0.034780401822892236,-0.03941262513399124,0.35076865553855896,16.555471267696703
238,Kankalabé,384.7515294346072,18524.0,R,0.06990626565029215,-0.017180008813738823,1.1401526927947998,128.83724759348843
239,Kébali,209.02955637052696,13343.0,R,0.05021064307960847,-0.09942196309566498,2.320629358291626,50.00980050729004
240,Koba,489.67838952833426,19967.0,R,0.038044789876096614,-0.12912029027938843,1.2738555669784546,88.34000209229634
241,Mafara,524.8304011236128,9529.0,R,0.1307738553580468,-0.04653157666325569,18.42724609375,326.41154297368485
242,Mitty,334.7999053011961,15649.0,R,0.0586187627000716,-0.10835704952478409,2.6168596744537354,93.55554526931428
243,Mombéyah,210.29975164973933,16519.0,R,0.07994051904271851,-0.029486050829291344,6.322322368621826,79.70069748559035
244,Bouliwel,540.9742159258799,24874.0,R,0.03954272069557399,-0.08730397373437881,2.6923763751983643,101.30845042206056
245,Dounet,403.7928597814925,36400.0,R,0.05570817729035722,-0.07575424015522003,9.668801307678223,106.9039922201955
246,Gongoret,284.57210326207127,10227.0,R,0.0681250925989888,-0.05732312425971031,3.3611257076263428,91.69637463823892
247,Kégnéko,1286.1521054133298,22796.0,R,0.038873998756898974,-0.10896523296833038,13.693270683288574,237.8699983934648
248,Konkouré,474.4564412116288,15553.0,R,0.046739712403536963,-0.07377754896879196,1.6535980701446533,105.25783233276525
249,Mamou-Centre,176.1865237906946,98410.0,U,0.2789027729263553,-0.09283889830112457,5.169118404388428,232.88381539350667
250,Nyagara,433.99006698288946,14384.0,R,0.047335075203382794,-0.12460287660360336,1.8566722869873047,97.88893552059562
251,Ouré-Kaba,1682.8313678177462,37868.0,R,0.022957835572074654,-0.20115891098976135,2.3524539470672607,183.75451591888555
252,Porédaka,381.8798784538201,25992.0,R,0.040340636435944606,-0.0915447324514389,0.8871158957481384,73.50063958629107
253,Saramoussayah,811.2768340988174,27272.0,R,0.05689321336652387,-0.061352260410785675,6.45508337020874,219.20955110121648
254,Soyah,1987.8670854254583,26493.0,R,0.03480338549461532,-0.14079611003398895,8.295754432678223,327.95230151576015
255,Téguéréyah,1322.243451129483,11199.0,R,0.0969751862256435,-0.06220373511314392,27.091569900512695,609.8769461730719
256,Timbo,274.4046880414087,15779.0,R,0.05512353886650856,-0.03788379952311516,7.171823978424072,72.1015888373932
257,Tolo,167.0084202399252,10819.0,R,0.05368909862412022,-0.05504320561885834,1.8922135829925537,42.79021160342381
258,Bantignel,262.3553543420253,16302.0,R,0.07457844936455234,-0.0688573345541954,4.6627116203308105,93.29764015505498
259,Bourouwal-Tappé,177.31283663186386,10776.0,R,0.09765352597952287,-0.06885974854230881,1.7446794509887695,82.71253650465587
260,Dongol-Touma,364.81806689263584,27531.0,R,0.05849838531602727,-0.0962037667632103,2.248290777206421,101.4946985233073
261,Gongore,474.9624910064063,19570.0,R,0.05393040060932795,-0.07822787016630173,3.749544620513916,121.77484457586252
262,Ley-Miro,422.0095951415581,22723.0,R,0.06773133311645832,-0.03778698667883873,1.3330516815185547,136.07224823096476
263,Maci,421.12476726682104,25896.0,R,0.05861337720934156,-0.0790930911898613,3.1667399406433105,117.0509142870551
264,Ninguélandé,320.59237858921676,30230.0,R,0.07085770109028744,-0.08494709432125092,1.2668969631195068,107.2077017496049
265,Pita-Centre,42.19966166030249,32545.0,U,0.5527078976127796,0.010031897574663162,5.714590549468994,113.30511901061982
266,Sangaréah,1328.2159288460841,44152.0,R,0.05102442002010267,-0.08452397584915161,1.6372473239898682,320.9436019264458
267,Sintali,113.56124857561106,12295.0,R,0.1172147977135575,-0.024687565863132477,2.881186008453369,62.5927019790397
268,Timbi-Madina,339.56028470954016,61914.0,R,0.13692544417452893,-0.08607988804578781,4.668390274047852,220.86074145351517
269,Timbi-Touni,255.36411338156765,23862.0,R,0.091716955025244,-0.06147227808833122,6.337151050567627,111.16094949059573
270,Beyla-Centre,428.07155718742206,38947.0,U,0.07020927357085802,-0.04833168908953667,1.5730680227279663,142.59503462241264
271,Boola,1039.6548976306096,26955.0,R,0.11154875937538904,-0.036407146602869034,16.675926208496094,550.0469324800433
272,Diaraguéréla,1094.9820752384223,13952.0,R,0.11468034163891357,-0.041770078241825104,49.87188720703125,594.0441696895723
273,Diassodou,607.256757743898,20835.0,R,0.06583821745265209,-0.09442651271820068,6.49104642868042,189.3507133938274
274,Fouala,331.77359931182895,20344.0,R,0.0726625140545352,-0.03974827006459236,10.73814868927002,113.42618443912943
275,Gbakédou,387.8038267550725,27219.0,R,0.06983643546854355,-0.06821097433567047,3.8016130924224854,127.66100403649762
276,Gbessoba,2128.6767582040093,42869.0,R,0.09195193340970542,-0.08662056177854538,23.90896987915039,926.9674407032403
277,Karala,1645.3913912601904,13233.0,R,0.04989823474034079,-0.13342924416065216,22.731727600097656,390.40378860842634
278,Koumandou,961.1680670220996,15707.0,R,0.04508775535189487,-0.06990700215101242,7.720918655395508,205.28455011717733
279,Moussadou,680.8896241552549,18904.0,R,0.11131972534037031,-0.08436834067106247,4.895384788513184,359.5627128493961
280,Nionsomoridou,819.61761089403,18979.0,R,0.11321873287671437,-0.06038619205355644,9.962475776672363,440.3076521575422
281,Samana,921.2463106621402,29479.0,R,0.04320086331210399,-0.15756455063819885,3.1646764278411865,188.5717683573339
282,Sinko,864.3127369399941,97291.0,R,0.0690233594130572,-0.059403952211141586,4.041407108306885,283.20284367177373
283,Sokourala,547.3477424219122,10923.0,R,0.029642110713879646,-0.047360923141241074,0.24626685678958893,77.01020363465932
284,Bolodou,525.0885750126997,16124.0,R,0.14597178830392135,-0.020871413871645927,6.920945167541504,363.32378108846024
285,Fangamadou,382.80076919107466,28383.0,R,0.1008895474602243,-0.19781415164470673,0.3183246850967407,182.40830180808553
286,Guéckédou-Centre,123.77988786444122,77263.0,U,0.18703085557263122,0.04967549443244934,0.7705449461936951,109.41305050998926
287,Guendembou,710.5677303107673,36365.0,R,0.13677717936095501,-0.0030573075637221336,1.363877534866333,461.4862031638622
288,Kassadou,777.9591237241219,23390.0,R,0.11162359211229574,-0.1801711618900299,2.4800732135772705,410.2167010126868
289,Koundou,456.19265643448114,33705.0,R,0.1319734861793103,-0.14296983182430267,0.3639400005340576,285.19470363348955
290,Nongoa,121.0481650837104,17017.0,R,0.13444603322867762,-0.08314484357833862,0.2908536493778229,75.6931167077455
291,Ouendé-Kénéma,202.24926248005295,34190.0,R,0.15769482656335104,-0.20774173736572266,0.37464550137519836,150.4408645414369
292,Tékoulo,418.38127433770285,35379.0,R,0.13390506866469948,-0.010991368442773819,7.0560784339904785,264.8642258187756
293,Termessadou-Dibo,517.2750900608767,33995.0,R,0.14425529096458575,-0.15646815299987793,0.4085649251937866,354.57950519095175
294,Bossou,214.79200787245153,11274.0,R,0.08218212481195482,-0.004611303098499775,0.18670286238193512,83.33267455932219
295,Foumbadou,1051.7958957046073,23285.0,R,0.10170826077056973,-0.006068564485758543,5.091230392456055,505.8968890728138
296,Gama-Béréma,472.6396569993194,19319.0,R,0.059142163640991126,-0.03879964351654053,0.6344777941703796,131.53217193756427
297,Guéassou,900.1958177352552,25113.0,R,0.04355896200129105,-0.04337120056152344,0.16020667552947998,185.77897293550632
298,Kokota,212.09259380603382,16933.0,R,0.0828862415062877,0.01339432131499052,0.1574164479970932,83.79799016285688
299,Lainé,422.3405481973816,19488.0,R,0.07439551206082415,-0.001532945898361504,0.3091023564338684,147.60069592867512
300,Lola-Centre,359.3518731228869,56835.0,R,0.09025337638415615,-0.03355032205581665,0.6712049841880798,153.43073985306546
301,N'Zoo,527.0341825056352,17771.0,R,0.09631983889405103,-0.053405191749334335,3.8347373008728027,239.25847981282277
302,Tounkarata,313.7884916237447,13664.0,R,0.0637183912293562,-0.027082053944468498,0.14886535704135895,94.74924775805266
303,Balizia,411.2071699039248,17281.0,R,0.0855756509208246,-0.09912931174039841,0.20643967390060425,166.70136799376633
304,Binikala,799.7991429811148,20692.0,R,0.07326322282162644,-0.09369980543851852,0.6810198426246643,277.52108804832096
305,Bofossou,278.10039929814036,15957.0,R,0.10254172438479565,-0.03786582499742508,0.22018945217132568,134.7398258416215
306,Daro,292.53481471378933,16578.0,R,0.0891158404875137,-0.1244221180677414,0.21366314589977264,123.78190243715653
307,Fassankoni,437.2649944393281,16004.0,R,0.11364340013005288,-0.016678867861628532,0.25515180826187134,235.81005526985973
308,Kouankan,1272.5512793338944,35963.0,R,0.09959104542790943,-0.024460887536406517,4.4030585289001465,599.338911385159
309,Koyamah,453.5144661030981,28819.0,R,0.12998557749048828,-0.007765093818306923,0.41137728095054626,278.68907813960686
310,Macenta-Centre,108.60230494136368,77731.0,U,0.10638881507343392,-0.09886984527111053,0.9816489815711975,54.045518057304434
311,N'Zébéla,648.0461701260274,19087.0,R,0.10046564983643168,-0.02007080428302288,0.2937343120574951,308.9318732470274
312,Ourémaï,744.8597436294647,10248.0,R,0.09424633386112569,-0.036432038992643356,0.23890551924705505,332.31257319432916
313,Panziazou,234.68857765582007,9587.0,R,0.11661537966846737,-0.01378212682902813,2.9098541736602783,129.6763021913357
314,Sengbédou,598.6760631334403,16376.0,R,0.08881194883806687,-0.07962316274642944,1.7493255138397217,252.13712275127182
315,Sérédou,691.3275715842741,23302.0,R,0.08593994572305531,-0.040744297206401825,0.8485711216926575,279.73452332854504
316,Vassérédou,744.2683960818799,10343.0,R,0.07275543638150833,-0.023121139034628868,2.8143081665039062,256.89944586310594
317,Watanka,334.4481452302159,7630.0,R,0.10416428522702122,-0.037349849939346313,0.2681030035018921,165.41288494050968
318,Bounouma,481.30693864027273,25148.0,R,0.09576104964288641,-0.0965636670589447,0.23598167300224304,217.47334373899503
319,Gouécké,131.00953225610112,22896.0,R,0.07845540100113797,-0.03597329184412956,0.14975516498088837,49.50535803171806
320,Kobéla,325.5908754516661,18002.0,R,0.11616428717937295,-0.05467136949300766,0.39291778206825256,179.35765940495185
321,Koropara,755.019502333799,22391.0,R,0.10085563710171708,-0.041772618889808655,2.3177831172943115,358.64264553370595
322,Koulé,236.76375980243677,22862.0,R,0.09702374171625194,-0.019298076629638672,0.45007380843162537,107.59932956332341
323,N'Zérékoré-Centre,90.57491573314444,233931.0,U,0.2797243781387806,0.03130463510751724,2.119133949279785,121.68010449036956
324,Palé,132.96726315134302,11594.0,R,0.09231064830727362,-0.03652646020054817,0.2174152284860611,58.24801908188965
325,Samoé,653.4188697105976,46095.0,R,0.09744986300215416,-0.09105129539966583,4.020772933959961,300.34047777263913
326,Soulouta,359.0420798834371,26036.0,R,0.08599157285706892,-0.01176098920404911,0.23100194334983826,145.84170756558888
327,Womey,493.22372519029227,14751.0,R,0.09840053727477859,-0.06657640635967255,5.471677303314209,230.45405829753145
328,Yalenzou,392.4812833452903,29018.0,R,0.09100346761684101,-0.04514380916953087,0.5030238032341003,168.81143242924009
329,Banié,190.40577823138275,13550.0,R,0.1544547263379385,0.017204396426677704,0.3442634642124176,138.70034425146878
330,Bheeta,246.33973197174234,12118.0,R,0.14876260755232293,0.01247014943510294,0.28231990337371826,172.7133873682469
331,Bignamou,266.4735013977102,17142.0,R,0.10327583181763902,-0.04268360510468483,0.28345316648483276,129.81772059477225
332,Bowé,493.7580002978459,16466.0,R,0.13030712385818036,-0.07504352182149887,0.3998045027256012,303.61559858956025
333,Diécké,720.9353656269168,36873.0,R,0.09719497926895034,-0.10625467449426651,1.3025704622268677,330.94890441077587
334,Péla,975.8629028150661,18291.0,R,0.12181129234125901,-0.0814860388636589,0.36661848425865173,560.6973786468152
335,Yomou-Centre,329.21474736259734,17792.0,R,0.17814223610755334,0.0322381928563118,0.5503737330436707,277.189319383353
